feature,importance,std
seconds_since_signup,811.9,33.36600065935382
hour_of_the_day,511.5,36.21394758929217
age,484.6,16.28619046922883
purchase_value,381.0,29.570255325241952
